Cluster,Tag,TagCategory,Cardinality,associable_types
Gotham,Batman,Superhero,SINGLE,ClusterComputeResource
Krypton,Zor-EL,Superhero,SINGLE,ClusterComputeResource
Mogo,Green Laterns,Superhero,SINGLE,ClusterComputeResource
Smallville,Superman,Superhero,SINGLE,ClusterComputeResource
Test,NoComics,Superhero,SINGLE,"ClusterComputeResource, DistributedVirtualSwitch, VmwareDistributedVirtualSwitch, LibraryItem, ResourcePool, Folder, HostNetwork, DistributedVirtualPortgroup, VirtualApp, StoragePod, Datastore, Network, Datacenter, Library, HostSystem, OpaqueNetwork, VirtualMachine, com.vmware.content.library.Item, com.vmware.content.Library"
