vCenter Server,Cluster,Hosts,Connection State,Maintenance Mode,Open Inc
vCenter001.test.local,US,Esxi001,Connected,TRUE,
vCenter001.test.local,APAC,Esxi002,Connected,TRUE,
vCenter003.test.local,Mexico,Esxi003,Connected,TRUE,"INC0028338, INC004746"
vCenter001.test.local,Asia,Esxi004,Not Responding,FALSE,
vCenter003.test.local,Latin America,Esxi005,Not Responding,FALSE,
vCenter003.test.local,UAT,Esxi006,unknown,FALSE,INC99747
vCenter001.test.local,test,Esxi007,Connected,TRUE,
vCenter001.test.local,dev,Esxi008,Connected,TRUE,
vCenter001.test.local,test,Esxi009,Connected,TRUE,
vCenter001.test.local,Prod,Esxi010,Connected,TRUE,
vCenter006.test.local,Prod,Esxi011,Connected,TRUE,
vCenter006.test.local,Production,Esxi012,Connected,TRUE,INC994099
vCenter001.test.local,India,Esxi013,Connected,TRUE,
vCenter007.test.local,UK,Esxi014,Connected,TRUE,
vCenter001.test.local,UK,Esxi015,Connected,TRUE,
