vCenter Server,Location,Clusters,Esxi,VMs
Test001.test.local,US,20,60,321
Test002.test.local,US,15,40,209
Test003.test.local,US,13,60,123
Test004.test.local,US,5,12,32
Test005.test.local,US,5,23,48
Test006.test.local,Singapore,18,43,133
Test007.test.local,Singapore,20,28,345
Test008.test.local,Singapore,20,16,123
Test009.test.local,Singapore,12,98,123
Test010.test.local,India,11,47,334
Test011.test.local,India,7,16,455
Test012.test.local,India,8,29,312
Test013.test.local,India,0,3,54
Test014.test.local,UK,3,4,34
Test015.test.local,UK,0,5,12
